enroll,trial,groundtruth,enroll_speaker,trial_speaker,enroll_video,trial_video
voxceleb1_subset_100/id10094/koAtdlykfps/00001.wav,voxceleb1_subset_100/id10063/wvmK-b0ISWg/00001.wav,False,id10094,id10063,koAtdlykfps,wvmK-b0ISWg
voxceleb1_subset_100/id10072/Aj2mg55ZLi8/00001.wav,voxceleb1_subset_100/id10069/6Jz0GrnZrf4/00001.wav,False,id10072,id10069,Aj2mg55ZLi8,6Jz0GrnZrf4
voxceleb1_subset_100/id10022/1yYcWzGHOgw/00001.wav,voxceleb1_subset_100/id10022/F6D2O14BXWc/00001.wav,True,id10022,id10022,1yYcWzGHOgw,F6D2O14BXWc
voxceleb1_subset_100/id10097/2hu8mWaR404/00001.wav,voxceleb1_subset_100/id10097/5SzZZj9jRCg/00001.wav,True,id10097,id10097,2hu8mWaR404,5SzZZj9jRCg
voxceleb1_subset_100/id10072/MVdZKtUvjWk/00001.wav,voxceleb1_subset_100/id10085/ga8G4U4bxC0/00001.wav,False,id10072,id10085,MVdZKtUvjWk,ga8G4U4bxC0
voxceleb1_subset_100/id10083/7R8ml09VBHQ/00001.wav,voxceleb1_subset_100/id10083/9jSoJNk-udI/00001.wav,True,id10083,id10083,7R8ml09VBHQ,9jSoJNk-udI
voxceleb1_subset_100/id10075/AnfSzxWVVao/00001.wav,voxceleb1_subset_100/id10062/eM-NIKxzTPo/00001.wav,False,id10075,id10062,AnfSzxWVVao,eM-NIKxzTPo
voxceleb1_subset_100/id10019/2vSPFNQoKmk/00001.wav,voxceleb1_subset_100/id10019/5AfbbZolonc/00001.wav,True,id10019,id10019,2vSPFNQoKmk,5AfbbZolonc
voxceleb1_subset_100/id10094/hUeDlE3KujQ/00001.wav,voxceleb1_subset_100/id10059/qM5FO3hHEbk/00001.wav,False,id10094,id10059,hUeDlE3KujQ,qM5FO3hHEbk
voxceleb1_subset_100/id10065/3a9qBd9OgDw/00001.wav,voxceleb1_subset_100/id10065/89eYkpcvuqo/00001.wav,True,id10065,id10065,3a9qBd9OgDw,89eYkpcvuqo
voxceleb1_subset_100/id10054/2BD8idIsZoU/00001.wav,voxceleb1_subset_100/id10054/8dI2mp7EglM/00001.wav,True,id10054,id10054,2BD8idIsZoU,8dI2mp7EglM
voxceleb1_subset_100/id10075/08H4--mL1LQ/00001.wav,voxceleb1_subset_100/id10075/9GkYoa3-J-s/00001.wav,True,id10075,id10075,08H4--mL1LQ,9GkYoa3-J-s
voxceleb1_subset_100/id10086/2koZRlumL7Y/00001.wav,voxceleb1_subset_100/id10086/4CbDDs8dflA/00001.wav,True,id10086,id10086,2koZRlumL7Y,4CbDDs8dflA
voxceleb1_subset_100/id10036/0GgHhOqUrUw/00001.wav,voxceleb1_subset_100/id10036/20v1OxUXcQY/00001.wav,True,id10036,id10036,0GgHhOqUrUw,20v1OxUXcQY
voxceleb1_subset_100/id10059/229vKIGbxrI/00001.wav,voxceleb1_subset_100/id10059/2iL0P9T7pYY/00001.wav,True,id10059,id10059,229vKIGbxrI,2iL0P9T7pYY
voxceleb1_subset_100/id10052/04ku-8IjzPk/00001.wav,voxceleb1_subset_100/id10052/8WLoEHitD6E/00001.wav,True,id10052,id10052,04ku-8IjzPk,8WLoEHitD6E
voxceleb1_subset_100/id10036/ammRSKiXIZY/00001.wav,voxceleb1_subset_100/id10086/Hd3T8LwTYMk/00001.wav,False,id10036,id10086,ammRSKiXIZY,Hd3T8LwTYMk
voxceleb1_subset_100/id10063/0nU0A1EVLtg/00001.wav,voxceleb1_subset_100/id10063/2AaDSw1pkVw/00001.wav,True,id10063,id10063,0nU0A1EVLtg,2AaDSw1pkVw
voxceleb1_subset_100/id10082/0LMH_LkxSS8/00001.wav,voxceleb1_subset_100/id10082/D-run9P_vYU/00001.wav,True,id10082,id10082,0LMH_LkxSS8,D-run9P_vYU
voxceleb1_subset_100/id10061/it9OkIxQgZw/00001.wav,voxceleb1_subset_100/id10053/Xci9p9Fk6A4/00001.wav,False,id10061,id10053,it9OkIxQgZw,Xci9p9Fk6A4
voxceleb1_subset_100/id10081/1M4q6CQM5pA/00001.wav,voxceleb1_subset_100/id10081/2jcYRBByUWk/00001.wav,True,id10081,id10081,1M4q6CQM5pA,2jcYRBByUWk
voxceleb1_subset_100/id10049/kDun51g3Foo/00001.wav,voxceleb1_subset_100/id10077/pNbDtfW1JW4/00001.wav,False,id10049,id10077,kDun51g3Foo,pNbDtfW1JW4
voxceleb1_subset_100/id10023/4I4PGPZzUGo/00001.wav,voxceleb1_subset_100/id10023/4Yje1H00OoE/00001.wav,True,id10023,id10023,4I4PGPZzUGo,4Yje1H00OoE
voxceleb1_subset_100/id10011/978HIG18Lek/00001.wav,voxceleb1_subset_100/id10030/AEaVel7wWh8/00001.wav,False,id10011,id10030,978HIG18Lek,AEaVel7wWh8
voxceleb1_subset_100/id10075/RFw8FuLfh7c/00001.wav,voxceleb1_subset_100/id10052/jO4Zg8_s1S4/00001.wav,False,id10075,id10052,RFw8FuLfh7c,jO4Zg8_s1S4
voxceleb1_subset_100/id10097/FNrJzHoBxsY/00001.wav,voxceleb1_subset_100/id10007/foG5a3YtZzI/00001.wav,False,id10097,id10007,FNrJzHoBxsY,foG5a3YtZzI
voxceleb1_subset_100/id10009/aFttHpeaXaQ/00001.wav,voxceleb1_subset_100/id10028/7k1FyY2k614/00001.wav,False,id10009,id10028,aFttHpeaXaQ,7k1FyY2k614
voxceleb1_subset_100/id10076/1z9G7GUIb7s/00001.wav,voxceleb1_subset_100/id10076/3Dd_mVKpGms/00001.wav,True,id10076,id10076,1z9G7GUIb7s,3Dd_mVKpGms
voxceleb1_subset_100/id10030/DSrDNGJrN5U/00001.wav,voxceleb1_subset_100/id10009/JrwqvWr5_VE/00001.wav,False,id10030,id10009,DSrDNGJrN5U,JrwqvWr5_VE
voxceleb1_subset_100/id10021/0BHnLGHwul4/00001.wav,voxceleb1_subset_100/id10021/1pxQ3nFrSWg/00001.wav,True,id10021,id10021,0BHnLGHwul4,1pxQ3nFrSWg
voxceleb1_subset_100/id10032/946A5a_lGVY/00001.wav,voxceleb1_subset_100/id10032/AVCdDfeeYuY/00001.wav,True,id10032,id10032,946A5a_lGVY,AVCdDfeeYuY
voxceleb1_subset_100/id10001/utrA-v8pPm4/00001.wav,voxceleb1_subset_100/id10050/Jl7LhQwjKXI/00001.wav,False,id10001,id10050,utrA-v8pPm4,Jl7LhQwjKXI
voxceleb1_subset_100/id10083/ntgkeQhp-0c/00001.wav,voxceleb1_subset_100/id10044/gLyY2KDtCUs/00001.wav,False,id10083,id10044,ntgkeQhp-0c,gLyY2KDtCUs
voxceleb1_subset_100/id10012/0AXjxNXiEzo/00001.wav,voxceleb1_subset_100/id10012/1miD-AWtXqk/00001.wav,True,id10012,id10012,0AXjxNXiEzo,1miD-AWtXqk
voxceleb1_subset_100/id10050/6OUWWa4tdJw/00001.wav,voxceleb1_subset_100/id10050/Hh5kF22DUAg/00001.wav,True,id10050,id10050,6OUWWa4tdJw,Hh5kF22DUAg
voxceleb1_subset_100/id10044/0JOEs7wANUs/00001.wav,voxceleb1_subset_100/id10044/0kJh-VyhrJQ/00001.wav,True,id10044,id10044,0JOEs7wANUs,0kJh-VyhrJQ
voxceleb1_subset_100/id10060/XItoro6xkB8/00001.wav,voxceleb1_subset_100/id10049/ll0t35YVhiU/00001.wav,False,id10060,id10049,XItoro6xkB8,ll0t35YVhiU
voxceleb1_subset_100/id10080/08874l86GtI/00001.wav,voxceleb1_subset_100/id10080/0F1UlE0dLFM/00001.wav,True,id10080,id10080,08874l86GtI,0F1UlE0dLFM
voxceleb1_subset_100/id10009/JrwqvWr5_VE/00001.wav,voxceleb1_subset_100/id10087/DvD-eIHQ91A/00001.wav,False,id10009,id10087,JrwqvWr5_VE,DvD-eIHQ91A
voxceleb1_subset_100/id10082/FWkA8o6AwB0/00001.wav,voxceleb1_subset_100/id10015/1uUxa00zKXE/00001.wav,False,id10082,id10015,FWkA8o6AwB0,1uUxa00zKXE
voxceleb1_subset_100/id10069/cAlwX11RaDU/00001.wav,voxceleb1_subset_100/id10094/ZBNp5xOQjeM/00001.wav,False,id10069,id10094,cAlwX11RaDU,ZBNp5xOQjeM
voxceleb1_subset_100/id10077/0OxT7uyV-vU/00001.wav,voxceleb1_subset_100/id10077/1-fy8YgOTw4/00001.wav,True,id10077,id10077,0OxT7uyV-vU,1-fy8YgOTw4
voxceleb1_subset_100/id10043/ADhV0i2cn2M/00001.wav,voxceleb1_subset_100/id10010/Sw8HigpvVsg/00001.wav,False,id10043,id10010,ADhV0i2cn2M,Sw8HigpvVsg
voxceleb1_subset_100/id10099/3XSc73L3jPM/00001.wav,voxceleb1_subset_100/id10099/8GtEnHplFoQ/00001.wav,True,id10099,id10099,3XSc73L3jPM,8GtEnHplFoQ
voxceleb1_subset_100/id10049/3D0aomYNBYM/00001.wav,voxceleb1_subset_100/id10049/3aKZ7xV8_o0/00001.wav,True,id10049,id10049,3D0aomYNBYM,3aKZ7xV8_o0
voxceleb1_subset_100/id10025/396cYdT6YP0/00001.wav,voxceleb1_subset_100/id10025/4R2kKnqZqzg/00001.wav,True,id10025,id10025,396cYdT6YP0,4R2kKnqZqzg
voxceleb1_subset_100/id10063/8Zu6pTuZkPU/00001.wav,voxceleb1_subset_100/id10062/Cji837jhmTY/00001.wav,False,id10063,id10062,8Zu6pTuZkPU,Cji837jhmTY
voxceleb1_subset_100/id10013/ayglFsYxfj0/00001.wav,voxceleb1_subset_100/id10085/dmils9KmvK4/00001.wav,False,id10013,id10085,ayglFsYxfj0,dmils9KmvK4
voxceleb1_subset_100/id10017/qFUUDSjCy5M/00001.wav,voxceleb1_subset_100/id10045/oKhOv3V7U3o/00001.wav,False,id10017,id10045,qFUUDSjCy5M,oKhOv3V7U3o
voxceleb1_subset_100/id10051/yjXAZlRGKaE/00001.wav,voxceleb1_subset_100/id10083/_IKK_dq1YJU/00001.wav,False,id10051,id10083,yjXAZlRGKaE,_IKK_dq1YJU
voxceleb1_subset_100/id10034/1KJJEC-fgIw/00001.wav,voxceleb1_subset_100/id10051/RNvpP3RtZPM/00001.wav,False,id10034,id10051,1KJJEC-fgIw,RNvpP3RtZPM
voxceleb1_subset_100/id10068/mSqgYQVmXps/00001.wav,voxceleb1_subset_100/id10078/2wBqlMWSKyE/00001.wav,False,id10068,id10078,mSqgYQVmXps,2wBqlMWSKyE
voxceleb1_subset_100/id10025/YcUXiu2pxIk/00001.wav,voxceleb1_subset_100/id10038/TUswon1ZAXw/00001.wav,False,id10025,id10038,YcUXiu2pxIk,TUswon1ZAXw
voxceleb1_subset_100/id10060/DkTiBYHZTWw/00001.wav,voxceleb1_subset_100/id10060/FhNti7sVV3U/00001.wav,True,id10060,id10060,DkTiBYHZTWw,FhNti7sVV3U
voxceleb1_subset_100/id10041/0-KA7pTDABQ/00001.wav,voxceleb1_subset_100/id10041/3-NYAniM6Fc/00001.wav,True,id10041,id10041,0-KA7pTDABQ,3-NYAniM6Fc
voxceleb1_subset_100/id10036/ywS-iusuJJo/00001.wav,voxceleb1_subset_100/id10001/1zcIwhmdeo4/00001.wav,False,id10036,id10001,ywS-iusuJJo,1zcIwhmdeo4
voxceleb1_subset_100/id10006/VaFNI2T9PTA/00001.wav,voxceleb1_subset_100/id10085/ISedE2SbZa0/00001.wav,False,id10006,id10085,VaFNI2T9PTA,ISedE2SbZa0
voxceleb1_subset_100/id10011/01En9rUo_Co/00001.wav,voxceleb1_subset_100/id10011/0Wg6d-v2CrQ/00001.wav,True,id10011,id10011,01En9rUo_Co,0Wg6d-v2CrQ
voxceleb1_subset_100/id10091/BsIWeyR9uwU/00001.wav,voxceleb1_subset_100/id10091/HpURoFmepTU/00001.wav,True,id10091,id10091,BsIWeyR9uwU,HpURoFmepTU
voxceleb1_subset_100/id10067/42Vxg6o0Svs/00001.wav,voxceleb1_subset_100/id10067/8p_WkPwuhGA/00001.wav,True,id10067,id10067,42Vxg6o0Svs,8p_WkPwuhGA
voxceleb1_subset_100/id10047/0nmNcnBybAE/00001.wav,voxceleb1_subset_100/id10047/4VibmNNLi1c/00001.wav,True,id10047,id10047,0nmNcnBybAE,4VibmNNLi1c
voxceleb1_subset_100/id10006/0otHlFztX8I/00001.wav,voxceleb1_subset_100/id10006/3MwyuwaVE50/00001.wav,True,id10006,id10006,0otHlFztX8I,3MwyuwaVE50
voxceleb1_subset_100/id10036/CzoVmf9MMeE/00001.wav,voxceleb1_subset_100/id10060/qONhYpo2OKg/00001.wav,False,id10036,id10060,CzoVmf9MMeE,qONhYpo2OKg
voxceleb1_subset_100/id10042/7Mfhiz2VrfY/00001.wav,voxceleb1_subset_100/id10063/N9dkB1EA5cM/00001.wav,False,id10042,id10063,7Mfhiz2VrfY,N9dkB1EA5cM
voxceleb1_subset_100/id10043/1hkP6-MMX-E/00001.wav,voxceleb1_subset_100/id10043/6-cm0RC4g4U/00001.wav,True,id10043,id10043,1hkP6-MMX-E,6-cm0RC4g4U
voxceleb1_subset_100/id10062/11wavAHn4cs/00001.wav,voxceleb1_subset_100/id10062/1KJHgYzHAL4/00001.wav,True,id10062,id10062,11wavAHn4cs,1KJHgYzHAL4
voxceleb1_subset_100/id10033/sLYKU0yIqU4/00001.wav,voxceleb1_subset_100/id10071/ST2JZXcyYkE/00001.wav,False,id10033,id10071,sLYKU0yIqU4,ST2JZXcyYkE
voxceleb1_subset_100/id10004/6WxS8rpNjmk/00001.wav,voxceleb1_subset_100/id10004/8mWxQ6DRO-U/00001.wav,True,id10004,id10004,6WxS8rpNjmk,8mWxQ6DRO-U
voxceleb1_subset_100/id10099/kaNvkkmMXmA/00001.wav,voxceleb1_subset_100/id10100/SC-raQFrF1s/00001.wav,False,id10099,id10100,kaNvkkmMXmA,SC-raQFrF1s
voxceleb1_subset_100/id10094/ZBNp5xOQjeM/00001.wav,voxceleb1_subset_100/id10094/aPt-paNroIU/00001.wav,True,id10094,id10094,ZBNp5xOQjeM,aPt-paNroIU
voxceleb1_subset_100/id10039/DL7HycTOJyQ/00001.wav,voxceleb1_subset_100/id10039/L2uTYBUsrrU/00001.wav,True,id10039,id10039,DL7HycTOJyQ,L2uTYBUsrrU
voxceleb1_subset_100/id10026/0rBA5VVzI1I/00001.wav,voxceleb1_subset_100/id10026/5mucAt4RCJs/00001.wav,True,id10026,id10026,0rBA5VVzI1I,5mucAt4RCJs
voxceleb1_subset_100/id10027/50IAfJCypFI/00001.wav,voxceleb1_subset_100/id10027/69_QrKoy-GA/00001.wav,True,id10027,id10027,50IAfJCypFI,69_QrKoy-GA
voxceleb1_subset_100/id10064/5YYJq3fSbH8/00001.wav,voxceleb1_subset_100/id10064/8k3Nw0Yyz-w/00001.wav,True,id10064,id10064,5YYJq3fSbH8,8k3Nw0Yyz-w
voxceleb1_subset_100/id10032/kvUJyy2RDa4/00001.wav,voxceleb1_subset_100/id10025/oiTiITvbT80/00001.wav,False,id10032,id10025,kvUJyy2RDa4,oiTiITvbT80
voxceleb1_subset_100/id10057/40jNTPnDsEo/00001.wav,voxceleb1_subset_100/id10057/De_ja_6VmYs/00001.wav,True,id10057,id10057,40jNTPnDsEo,De_ja_6VmYs
voxceleb1_subset_100/id10014/iZ6XrudZsSw/00001.wav,voxceleb1_subset_100/id10012/Mb2crBji7Cc/00001.wav,False,id10014,id10012,iZ6XrudZsSw,Mb2crBji7Cc
voxceleb1_subset_100/id10095/B5jqlhXWkOo/00001.wav,voxceleb1_subset_100/id10014/AERvjDy1Bn0/00001.wav,False,id10095,id10014,B5jqlhXWkOo,AERvjDy1Bn0
voxceleb1_subset_100/id10093/0_Z0JLTnA7g/00001.wav,voxceleb1_subset_100/id10093/2feLhU4ahx0/00001.wav,True,id10093,id10093,0_Z0JLTnA7g,2feLhU4ahx0
voxceleb1_subset_100/id10081/yBd63vSf2Oo/00001.wav,voxceleb1_subset_100/id10080/7Mp89cqizpE/00001.wav,False,id10081,id10080,yBd63vSf2Oo,7Mp89cqizpE
voxceleb1_subset_100/id10011/NY8rvshKUzU/00001.wav,voxceleb1_subset_100/id10024/1nd1f_kq4f8/00001.wav,False,id10011,id10024,NY8rvshKUzU,1nd1f_kq4f8
voxceleb1_subset_100/id10031/fEZ0hjLjEi0/00001.wav,voxceleb1_subset_100/id10073/sDjmF889eB0/00001.wav,False,id10031,id10073,fEZ0hjLjEi0,sDjmF889eB0
voxceleb1_subset_100/id10026/TuftZsOgdzs/00001.wav,voxceleb1_subset_100/id10092/7_MRzaajnyQ/00001.wav,False,id10026,id10092,TuftZsOgdzs,7_MRzaajnyQ
voxceleb1_subset_100/id10096/0ApAnZOmR2I/00001.wav,voxceleb1_subset_100/id10096/5Ciy1E1gYRc/00001.wav,True,id10096,id10096,0ApAnZOmR2I,5Ciy1E1gYRc
voxceleb1_subset_100/id10070/nACRpAKPv6I/00001.wav,voxceleb1_subset_100/id10017/5r-26vNFeJU/00001.wav,False,id10070,id10017,nACRpAKPv6I,5r-26vNFeJU
voxceleb1_subset_100/id10087/tvIVLzWj7GM/00001.wav,voxceleb1_subset_100/id10084/qkswKzPZlNs/00001.wav,False,id10087,id10084,tvIVLzWj7GM,qkswKzPZlNs
voxceleb1_subset_100/id10070/bKlWInwTt1I/00001.wav,voxceleb1_subset_100/id10097/AjVDgEDJSck/00001.wav,False,id10070,id10097,bKlWInwTt1I,AjVDgEDJSck
voxceleb1_subset_100/id10036/NP3WmxUdvnI/00001.wav,voxceleb1_subset_100/id10059/yY2yv2W4ZLk/00001.wav,False,id10036,id10059,NP3WmxUdvnI,yY2yv2W4ZLk
voxceleb1_subset_100/id10052/ImmE-bvauDU/00001.wav,voxceleb1_subset_100/id10008/ZwprcvqTH3w/00001.wav,False,id10052,id10008,ImmE-bvauDU,ZwprcvqTH3w
voxceleb1_subset_100/id10097/SmHHEtlYe-M/00001.wav,voxceleb1_subset_100/id10031/s4BZz4_ieIc/00001.wav,False,id10097,id10031,SmHHEtlYe-M,s4BZz4_ieIc
voxceleb1_subset_100/id10078/2wBqlMWSKyE/00001.wav,voxceleb1_subset_100/id10078/5oNMzOdQMpE/00001.wav,True,id10078,id10078,2wBqlMWSKyE,5oNMzOdQMpE
voxceleb1_subset_100/id10029/XlSmMbHsHvk/00001.wav,voxceleb1_subset_100/id10001/DtdEYdViWdw/00001.wav,False,id10029,id10001,XlSmMbHsHvk,DtdEYdViWdw
voxceleb1_subset_100/id10084/i5HENc60GwA/00001.wav,voxceleb1_subset_100/id10070/TmIuUqaHFqI/00001.wav,False,id10084,id10070,i5HENc60GwA,TmIuUqaHFqI
voxceleb1_subset_100/id10018/sci80gk6bUc/00001.wav,voxceleb1_subset_100/id10066/6albkkq9iJk/00001.wav,False,id10018,id10066,sci80gk6bUc,6albkkq9iJk
voxceleb1_subset_100/id10056/ObPcP4a-a4I/00001.wav,voxceleb1_subset_100/id10021/rMhAG-q3Y3s/00001.wav,False,id10056,id10021,ObPcP4a-a4I,rMhAG-q3Y3s
voxceleb1_subset_100/id10029/1kIArSWymjY/00001.wav,voxceleb1_subset_100/id10009/HCGXIgKsozU/00001.wav,False,id10029,id10009,1kIArSWymjY,HCGXIgKsozU
voxceleb1_subset_100/id10013/8Ia5Ffj4MtQ/00001.wav,voxceleb1_subset_100/id10013/D8N1aTvis1o/00001.wav,True,id10013,id10013,8Ia5Ffj4MtQ,D8N1aTvis1o
voxceleb1_subset_100/id10008/58jhTekFbHk/00001.wav,voxceleb1_subset_100/id10008/CFwSMiMzoiA/00001.wav,True,id10008,id10008,58jhTekFbHk,CFwSMiMzoiA
voxceleb1_subset_100/id10001/1zcIwhmdeo4/00001.wav,voxceleb1_subset_100/id10001/7gWzIy6yIIk/00001.wav,True,id10001,id10001,1zcIwhmdeo4,7gWzIy6yIIk
voxceleb1_subset_100/id10046/0gaIk-T8tcM/00001.wav,voxceleb1_subset_100/id10046/3R4feD8K3OY/00001.wav,True,id10046,id10046,0gaIk-T8tcM,3R4feD8K3OY
voxceleb1_subset_100/id10052/zAGBGfvFg6g/00001.wav,voxceleb1_subset_100/id10016/pdTdefdQ_QI/00001.wav,False,id10052,id10016,zAGBGfvFg6g,pdTdefdQ_QI
voxceleb1_subset_100/id10075/9GkYoa3-J-s/00001.wav,voxceleb1_subset_100/id10077/GcHWzqveqyc/00001.wav,False,id10075,id10077,9GkYoa3-J-s,GcHWzqveqyc
voxceleb1_subset_100/id10081/IRtAaragXhA/00001.wav,voxceleb1_subset_100/id10021/Ur6n-PDmQZc/00001.wav,False,id10081,id10021,IRtAaragXhA,Ur6n-PDmQZc
voxceleb1_subset_100/id10068/5M2EGef_0f4/00001.wav,voxceleb1_subset_100/id10068/8CJKjlhUbQk/00001.wav,True,id10068,id10068,5M2EGef_0f4,8CJKjlhUbQk
voxceleb1_subset_100/id10070/35O7qXEEvs0/00001.wav,voxceleb1_subset_100/id10070/7vqTSZ5DscY/00001.wav,True,id10070,id10070,35O7qXEEvs0,7vqTSZ5DscY
voxceleb1_subset_100/id10018/0gR9vlGI8ro/00001.wav,voxceleb1_subset_100/id10018/2fsToHH2Qz4/00001.wav,True,id10018,id10018,0gR9vlGI8ro,2fsToHH2Qz4
voxceleb1_subset_100/id10065/tarIrBNNKpI/00001.wav,voxceleb1_subset_100/id10014/RbXXh_l-qH8/00001.wav,False,id10065,id10014,tarIrBNNKpI,RbXXh_l-qH8
voxceleb1_subset_100/id10083/fmUU_q0LYY4/00001.wav,voxceleb1_subset_100/id10039/Pc_rgHideVU/00001.wav,False,id10083,id10039,fmUU_q0LYY4,Pc_rgHideVU
voxceleb1_subset_100/id10005/1geDB-I2TjE/00001.wav,voxceleb1_subset_100/id10005/38_N-A-QOUo/00001.wav,True,id10005,id10005,1geDB-I2TjE,38_N-A-QOUo
voxceleb1_subset_100/id10092/dJJxuy44DtU/00001.wav,voxceleb1_subset_100/id10041/airbUybc41Y/00001.wav,False,id10092,id10041,dJJxuy44DtU,airbUybc41Y
voxceleb1_subset_100/id10038/7Gd4Fz2UNxQ/00001.wav,voxceleb1_subset_100/id10038/HyFp8-da6OI/00001.wav,True,id10038,id10038,7Gd4Fz2UNxQ,HyFp8-da6OI
voxceleb1_subset_100/id10047/q1GTE-DrkxQ/00001.wav,voxceleb1_subset_100/id10040/1csoxtWaisM/00001.wav,False,id10047,id10040,q1GTE-DrkxQ,1csoxtWaisM
voxceleb1_subset_100/id10086/tN8q2rhCDec/00001.wav,voxceleb1_subset_100/id10035/jXjmodfOv88/00001.wav,False,id10086,id10035,tN8q2rhCDec,jXjmodfOv88
voxceleb1_subset_100/id10034/1KJJEC-fgIw/00001.wav,voxceleb1_subset_100/id10034/7AP9b99sySI/00001.wav,True,id10034,id10034,1KJJEC-fgIw,7AP9b99sySI
voxceleb1_subset_100/id10084/0Oj7sdw3Hjo/00001.wav,voxceleb1_subset_100/id10084/1WJY-XpoXRs/00001.wav,True,id10084,id10084,0Oj7sdw3Hjo,1WJY-XpoXRs
voxceleb1_subset_100/id10085/2Cv7-z2QZPI/00001.wav,voxceleb1_subset_100/id10085/5EKmkiR0-20/00001.wav,True,id10085,id10085,2Cv7-z2QZPI,5EKmkiR0-20
voxceleb1_subset_100/id10054/TvenrEaieP4/00001.wav,voxceleb1_subset_100/id10029/p3nwMpIe3pg/00001.wav,False,id10054,id10029,TvenrEaieP4,p3nwMpIe3pg
voxceleb1_subset_100/id10058/CzPPdvz1aY4/00001.wav,voxceleb1_subset_100/id10058/EEcEWXEXJWY/00001.wav,True,id10058,id10058,CzPPdvz1aY4,EEcEWXEXJWY
voxceleb1_subset_100/id10014/2kd0eGbbIeg/00001.wav,voxceleb1_subset_100/id10014/32rU5csGG3U/00001.wav,True,id10014,id10014,2kd0eGbbIeg,32rU5csGG3U
voxceleb1_subset_100/id10057/FXpRlmBYOaQ/00001.wav,voxceleb1_subset_100/id10071/hDpxitMvTHQ/00001.wav,False,id10057,id10071,FXpRlmBYOaQ,hDpxitMvTHQ
voxceleb1_subset_100/id10005/38_N-A-QOUo/00001.wav,voxceleb1_subset_100/id10041/SlV8vLqJwKo/00001.wav,False,id10005,id10041,38_N-A-QOUo,SlV8vLqJwKo
voxceleb1_subset_100/id10066/1Kr6tGO56H8/00001.wav,voxceleb1_subset_100/id10066/1MnGXp2M8FM/00001.wav,True,id10066,id10066,1Kr6tGO56H8,1MnGXp2M8FM
voxceleb1_subset_100/id10049/p5AJtU5gclc/00001.wav,voxceleb1_subset_100/id10011/0Wg6d-v2CrQ/00001.wav,False,id10049,id10011,p5AJtU5gclc,0Wg6d-v2CrQ
voxceleb1_subset_100/id10029/152c1sTeQ48/00001.wav,voxceleb1_subset_100/id10029/1kIArSWymjY/00001.wav,True,id10029,id10029,152c1sTeQ48,1kIArSWymjY
voxceleb1_subset_100/id10089/0NgeEhvyjdQ/00001.wav,voxceleb1_subset_100/id10089/25rOkAZwuZg/00001.wav,True,id10089,id10089,0NgeEhvyjdQ,25rOkAZwuZg
voxceleb1_subset_100/id10016/2wHaOQUrkHU/00001.wav,voxceleb1_subset_100/id10016/37mbJ9bXK28/00001.wav,True,id10016,id10016,2wHaOQUrkHU,37mbJ9bXK28
voxceleb1_subset_100/id10036/CzoVmf9MMeE/00001.wav,voxceleb1_subset_100/id10032/mLjtx9dP0os/00001.wav,False,id10036,id10032,CzoVmf9MMeE,mLjtx9dP0os
voxceleb1_subset_100/id10058/ewwS4FafxYM/00001.wav,voxceleb1_subset_100/id10018/su3ku9D00jA/00001.wav,False,id10058,id10018,ewwS4FafxYM,su3ku9D00jA
voxceleb1_subset_100/id10027/mnJX0ydvfBw/00001.wav,voxceleb1_subset_100/id10086/Hd3T8LwTYMk/00001.wav,False,id10027,id10086,mnJX0ydvfBw,Hd3T8LwTYMk
voxceleb1_subset_100/id10073/6S2yZ6SnYLE/00001.wav,voxceleb1_subset_100/id10073/Dg-BU8XvL5M/00001.wav,True,id10073,id10073,6S2yZ6SnYLE,Dg-BU8XvL5M
voxceleb1_subset_100/id10082/gzCQs0xkfVI/00001.wav,voxceleb1_subset_100/id10065/K85cPzgrw-Q/00001.wav,False,id10082,id10065,gzCQs0xkfVI,K85cPzgrw-Q
voxceleb1_subset_100/id10085/OnKpBZeUYwc/00001.wav,voxceleb1_subset_100/id10061/rnj1aWhRNP8/00001.wav,False,id10085,id10061,OnKpBZeUYwc,rnj1aWhRNP8
voxceleb1_subset_100/id10021/N3FVJ2-J7V8/00001.wav,voxceleb1_subset_100/id10048/wB8-FSSxLlA/00001.wav,False,id10021,id10048,N3FVJ2-J7V8,wB8-FSSxLlA
voxceleb1_subset_100/id10100/162fYibxaxk/00001.wav,voxceleb1_subset_100/id10100/A1y2W9qk9dQ/00001.wav,True,id10100,id10100,162fYibxaxk,A1y2W9qk9dQ
voxceleb1_subset_100/id10033/4sR_yegf4O4/00001.wav,voxceleb1_subset_100/id10033/AHBTiWG5A-Q/00001.wav,True,id10033,id10033,4sR_yegf4O4,AHBTiWG5A-Q
voxceleb1_subset_100/id10061/0Wgg3wCb5Ws/00001.wav,voxceleb1_subset_100/id10061/6gAqaYX0Lig/00001.wav,True,id10061,id10061,0Wgg3wCb5Ws,6gAqaYX0Lig
voxceleb1_subset_100/id10093/CU5izyzZ3dQ/00001.wav,voxceleb1_subset_100/id10015/GpBIco6EWl0/00001.wav,False,id10093,id10015,CU5izyzZ3dQ,GpBIco6EWl0
voxceleb1_subset_100/id10034/yR8E-YHCzWw/00001.wav,voxceleb1_subset_100/id10018/wyaUcxpHOQs/00001.wav,False,id10034,id10018,yR8E-YHCzWw,wyaUcxpHOQs
voxceleb1_subset_100/id10068/i7eTWYdPxC0/00001.wav,voxceleb1_subset_100/id10021/Rg_8jGEv8a4/00001.wav,False,id10068,id10021,i7eTWYdPxC0,Rg_8jGEv8a4
voxceleb1_subset_100/id10096/qMU3f7XiSlE/00001.wav,voxceleb1_subset_100/id10041/9fJl5wUSbMM/00001.wav,False,id10096,id10041,qMU3f7XiSlE,9fJl5wUSbMM
voxceleb1_subset_100/id10048/1O-BFSXqERo/00001.wav,voxceleb1_subset_100/id10048/4VDoy2-1M0s/00001.wav,True,id10048,id10048,1O-BFSXqERo,4VDoy2-1M0s
voxceleb1_subset_100/id10009/7hpSiT9_gCE/00001.wav,voxceleb1_subset_100/id10009/AtavJVP4bCk/00001.wav,True,id10009,id10009,7hpSiT9_gCE,AtavJVP4bCk
voxceleb1_subset_100/id10079/7JLeel7ok0k/00001.wav,voxceleb1_subset_100/id10079/9eTeqKAH5m0/00001.wav,True,id10079,id10079,7JLeel7ok0k,9eTeqKAH5m0
voxceleb1_subset_100/id10011/YyB6Rk0bOSg/00001.wav,voxceleb1_subset_100/id10054/OJNSvweWQ_c/00001.wav,False,id10011,id10054,YyB6Rk0bOSg,OJNSvweWQ_c
voxceleb1_subset_100/id10097/CrUpSXxGEXs/00001.wav,voxceleb1_subset_100/id10010/Fi21gDronE4/00001.wav,False,id10097,id10010,CrUpSXxGEXs,Fi21gDronE4
voxceleb1_subset_100/id10090/2DQ2WGW5Hds/00001.wav,voxceleb1_subset_100/id10090/8CBooElMJRU/00001.wav,True,id10090,id10090,2DQ2WGW5Hds,8CBooElMJRU
voxceleb1_subset_100/id10093/4_S1nmvWLA8/00001.wav,voxceleb1_subset_100/id10034/1KJJEC-fgIw/00001.wav,False,id10093,id10034,4_S1nmvWLA8,1KJJEC-fgIw
voxceleb1_subset_100/id10055/U8k2-YN2czY/00001.wav,voxceleb1_subset_100/id10077/HOh0gsLOSXM/00001.wav,False,id10055,id10077,U8k2-YN2czY,HOh0gsLOSXM
voxceleb1_subset_100/id10020/1elTcNGC3q8/00001.wav,voxceleb1_subset_100/id10020/37HXBdOMKOk/00001.wav,True,id10020,id10020,1elTcNGC3q8,37HXBdOMKOk
voxceleb1_subset_100/id10048/iR_pCfaigEc/00001.wav,voxceleb1_subset_100/id10037/xWYJB2Ua7DA/00001.wav,False,id10048,id10037,iR_pCfaigEc,xWYJB2Ua7DA
voxceleb1_subset_100/id10070/ME_w57OWl0s/00001.wav,voxceleb1_subset_100/id10091/J4X3IQCM4xM/00001.wav,False,id10070,id10091,ME_w57OWl0s,J4X3IQCM4xM
voxceleb1_subset_100/id10089/yR784gkinMk/00001.wav,voxceleb1_subset_100/id10072/aiq6Gs1OXho/00001.wav,False,id10089,id10072,yR784gkinMk,aiq6Gs1OXho
voxceleb1_subset_100/id10074/11xowx4MBO4/00001.wav,voxceleb1_subset_100/id10074/B8YQ79N-c4E/00001.wav,True,id10074,id10074,11xowx4MBO4,B8YQ79N-c4E
voxceleb1_subset_100/id10052/K8AKNDcREjk/00001.wav,voxceleb1_subset_100/id10094/koAtdlykfps/00001.wav,False,id10052,id10094,K8AKNDcREjk,koAtdlykfps
voxceleb1_subset_100/id10010/1O_m0G4rf9Q/00001.wav,voxceleb1_subset_100/id10010/5ssVY9a5X-M/00001.wav,True,id10010,id10010,1O_m0G4rf9Q,5ssVY9a5X-M
voxceleb1_subset_100/id10072/0XmNeUnOnlg/00001.wav,voxceleb1_subset_100/id10072/3hkN7c4zkhw/00001.wav,True,id10072,id10072,0XmNeUnOnlg,3hkN7c4zkhw
voxceleb1_subset_100/id10003/5ablueV_1tw/00001.wav,voxceleb1_subset_100/id10003/A7Hh1WKmHsg/00001.wav,True,id10003,id10003,5ablueV_1tw,A7Hh1WKmHsg
voxceleb1_subset_100/id10045/2C6rSa0k4NM/00001.wav,voxceleb1_subset_100/id10045/3-l99GdyRaQ/00001.wav,True,id10045,id10045,2C6rSa0k4NM,3-l99GdyRaQ
voxceleb1_subset_100/id10069/nWrEW-7n7z4/00001.wav,voxceleb1_subset_100/id10099/_vpxEpPikfk/00001.wav,False,id10069,id10099,nWrEW-7n7z4,_vpxEpPikfk
voxceleb1_subset_100/id10007/10Oe0XETA0s/00001.wav,voxceleb1_subset_100/id10007/5ExvrJyWpe8/00001.wav,True,id10007,id10007,10Oe0XETA0s,5ExvrJyWpe8
voxceleb1_subset_100/id10024/1nd1f_kq4f8/00001.wav,voxceleb1_subset_100/id10024/3ViTD7lWXIQ/00001.wav,True,id10024,id10024,1nd1f_kq4f8,3ViTD7lWXIQ
voxceleb1_subset_100/id10069/1cE7mDC9NLY/00001.wav,voxceleb1_subset_100/id10069/6Jz0GrnZrf4/00001.wav,True,id10069,id10069,1cE7mDC9NLY,6Jz0GrnZrf4
voxceleb1_subset_100/id10028/35jrHmve_4U/00001.wav,voxceleb1_subset_100/id10028/3GgSfYFNoao/00001.wav,True,id10028,id10028,35jrHmve_4U,3GgSfYFNoao
voxceleb1_subset_100/id10037/X-wtgXmhT1o/00001.wav,voxceleb1_subset_100/id10055/D3tbKvOdxyc/00001.wav,False,id10037,id10055,X-wtgXmhT1o,D3tbKvOdxyc
voxceleb1_subset_100/id10035/9VR7wckrdP8/00001.wav,voxceleb1_subset_100/id10035/BU77OsPg4uw/00001.wav,True,id10035,id10035,9VR7wckrdP8,BU77OsPg4uw
voxceleb1_subset_100/id10076/1z9G7GUIb7s/00001.wav,voxceleb1_subset_100/id10071/MhTuIFYwq_c/00001.wav,False,id10076,id10071,1z9G7GUIb7s,MhTuIFYwq_c
voxceleb1_subset_100/id10053/3AY7ZmKVJm4/00001.wav,voxceleb1_subset_100/id10053/3q0mWGrxlnY/00001.wav,True,id10053,id10053,3AY7ZmKVJm4,3q0mWGrxlnY
voxceleb1_subset_100/id10055/2-IXMay-I_k/00001.wav,voxceleb1_subset_100/id10055/7mdJ1akKefg/00001.wav,True,id10055,id10055,2-IXMay-I_k,7mdJ1akKefg
voxceleb1_subset_100/id10051/0w7eBiu0Zak/00001.wav,voxceleb1_subset_100/id10051/CGBJOm_1MMo/00001.wav,True,id10051,id10051,0w7eBiu0Zak,CGBJOm_1MMo
voxceleb1_subset_100/id10075/AnfSzxWVVao/00001.wav,voxceleb1_subset_100/id10095/LawD2f_daPM/00001.wav,False,id10075,id10095,AnfSzxWVVao,LawD2f_daPM
voxceleb1_subset_100/id10071/1TmvLk8sB-g/00001.wav,voxceleb1_subset_100/id10071/3QD3jFEgmmw/00001.wav,True,id10071,id10071,1TmvLk8sB-g,3QD3jFEgmmw
voxceleb1_subset_100/id10031/1SqvlJDYeVU/00001.wav,voxceleb1_subset_100/id10031/4nbkpwV-Aa0/00001.wav,True,id10031,id10031,1SqvlJDYeVU,4nbkpwV-Aa0
voxceleb1_subset_100/id10040/1csoxtWaisM/00001.wav,voxceleb1_subset_100/id10040/4mkRl_p-rnQ/00001.wav,True,id10040,id10040,1csoxtWaisM,4mkRl_p-rnQ
voxceleb1_subset_100/id10069/1cE7mDC9NLY/00001.wav,voxceleb1_subset_100/id10097/S9WYrmUZBS0/00001.wav,False,id10069,id10097,1cE7mDC9NLY,S9WYrmUZBS0
voxceleb1_subset_100/id10080/Xp1eLGN_fHI/00001.wav,voxceleb1_subset_100/id10073/sDjmF889eB0/00001.wav,False,id10080,id10073,Xp1eLGN_fHI,sDjmF889eB0
voxceleb1_subset_100/id10002/0_laIeN-Q44/00001.wav,voxceleb1_subset_100/id10002/6WO410QOeuo/00001.wav,True,id10002,id10002,0_laIeN-Q44,6WO410QOeuo
voxceleb1_subset_100/id10090/nLSDhNeJ4gY/00001.wav,voxceleb1_subset_100/id10055/7mdJ1akKefg/00001.wav,False,id10090,id10055,nLSDhNeJ4gY,7mdJ1akKefg
voxceleb1_subset_100/id10092/22Lt2SMT6u4/00001.wav,voxceleb1_subset_100/id10092/22npKEBvtS4/00001.wav,True,id10092,id10092,22Lt2SMT6u4,22npKEBvtS4
voxceleb1_subset_100/id10055/P93S-rGssY4/00001.wav,voxceleb1_subset_100/id10053/Ebts1VCIquw/00001.wav,False,id10055,id10053,P93S-rGssY4,Ebts1VCIquw
voxceleb1_subset_100/id10100/ZZ9LxjLkhUU/00001.wav,voxceleb1_subset_100/id10068/8CJKjlhUbQk/00001.wav,False,id10100,id10068,ZZ9LxjLkhUU,8CJKjlhUbQk
voxceleb1_subset_100/id10098/0lGRbE-g7BU/00001.wav,voxceleb1_subset_100/id10098/1BeZJUe-K3A/00001.wav,True,id10098,id10098,0lGRbE-g7BU,1BeZJUe-K3A
voxceleb1_subset_100/id10030/1YDEn65O4io/00001.wav,voxceleb1_subset_100/id10030/2rkFfLKOlgE/00001.wav,True,id10030,id10030,1YDEn65O4io,2rkFfLKOlgE
voxceleb1_subset_100/id10067/8p_WkPwuhGA/00001.wav,voxceleb1_subset_100/id10058/CzPPdvz1aY4/00001.wav,False,id10067,id10058,8p_WkPwuhGA,CzPPdvz1aY4
voxceleb1_subset_100/id10095/8TXDdU7D-z8/00001.wav,voxceleb1_subset_100/id10095/B5jqlhXWkOo/00001.wav,True,id10095,id10095,8TXDdU7D-z8,B5jqlhXWkOo
voxceleb1_subset_100/id10046/ffwzyDxB8xU/00001.wav,voxceleb1_subset_100/id10045/m-rl0JC7zls/00001.wav,False,id10046,id10045,ffwzyDxB8xU,m-rl0JC7zls
voxceleb1_subset_100/id10030/vKNxyRm3PJo/00001.wav,voxceleb1_subset_100/id10065/KNszBzdnX1E/00001.wav,False,id10030,id10065,vKNxyRm3PJo,KNszBzdnX1E
voxceleb1_subset_100/id10088/3-dUITmswr8/00001.wav,voxceleb1_subset_100/id10088/3LNjmo4Cbaw/00001.wav,True,id10088,id10088,3-dUITmswr8,3LNjmo4Cbaw
voxceleb1_subset_100/id10087/3LNDOIUpNQ8/00001.wav,voxceleb1_subset_100/id10087/AbFCj2Xvfp0/00001.wav,True,id10087,id10087,3LNDOIUpNQ8,AbFCj2Xvfp0
voxceleb1_subset_100/id10074/zTpHJivc9V4/00001.wav,voxceleb1_subset_100/id10025/UKQ_6-OyPnw/00001.wav,False,id10074,id10025,zTpHJivc9V4,UKQ_6-OyPnw
voxceleb1_subset_100/id10056/2PGAreQT6ao/00001.wav,voxceleb1_subset_100/id10056/5tgoikTak5A/00001.wav,True,id10056,id10056,2PGAreQT6ao,5tgoikTak5A
voxceleb1_subset_100/id10015/1uUxa00zKXE/00001.wav,voxceleb1_subset_100/id10015/3hdsN9oG45Q/00001.wav,True,id10015,id10015,1uUxa00zKXE,3hdsN9oG45Q
voxceleb1_subset_100/id10040/XLr14SeTXc8/00001.wav,voxceleb1_subset_100/id10052/Mj7gyT2Rekw/00001.wav,False,id10040,id10052,XLr14SeTXc8,Mj7gyT2Rekw
voxceleb1_subset_100/id10017/5VxX7ZI5z5s/00001.wav,voxceleb1_subset_100/id10017/5r-26vNFeJU/00001.wav,True,id10017,id10017,5VxX7ZI5z5s,5r-26vNFeJU
voxceleb1_subset_100/id10010/1O_m0G4rf9Q/00001.wav,voxceleb1_subset_100/id10078/GZU8tWZz3jg/00001.wav,False,id10010,id10078,1O_m0G4rf9Q,GZU8tWZz3jg
voxceleb1_subset_100/id10069/KQJ8qvIH7mQ/00001.wav,voxceleb1_subset_100/id10028/r4op670wb6o/00001.wav,False,id10069,id10028,KQJ8qvIH7mQ,r4op670wb6o
voxceleb1_subset_100/id10048/iR_pCfaigEc/00001.wav,voxceleb1_subset_100/id10098/g8oGChGhCtI/00001.wav,False,id10048,id10098,iR_pCfaigEc,g8oGChGhCtI
voxceleb1_subset_100/id10020/Tv92FNzH3Qc/00001.wav,voxceleb1_subset_100/id10028/ig-ApQ-wqs8/00001.wav,False,id10020,id10028,Tv92FNzH3Qc,ig-ApQ-wqs8
voxceleb1_subset_100/id10042/1yc4hUIgyKA/00001.wav,voxceleb1_subset_100/id10042/6D67SnCYY34/00001.wav,True,id10042,id10042,1yc4hUIgyKA,6D67SnCYY34
voxceleb1_subset_100/id10037/2ekOREjUP4k/00001.wav,voxceleb1_subset_100/id10037/58rmd88n3Wc/00001.wav,True,id10037,id10037,2ekOREjUP4k,58rmd88n3Wc
