enroll,trial,groundtruth
/mnt/data/old_home/strength/vmoat/vmoat_code25/vmoat_code2025/voxceleb1_subset_100/id10001/1zcIwhmdeo4/00001.wav,/mnt/data/old_home/strength/vmoat/vmoat_code25/vmoat_code2025/voxceleb1_subset_100/id10001/7w0IBEWc9Qw/00002.wav,1
/mnt/data/old_home/strength/vmoat/vmoat_code25/vmoat_code2025/voxceleb1_subset_100/id10002/TqUbiOgEb0w/00008.wav,/mnt/data/old_home/strength/vmoat/vmoat_code25/vmoat_code2025/voxceleb1_subset_100/id10002/gaQqIoV_aLY/00003.wav,1
/mnt/data/old_home/strength/vmoat/vmoat_code25/vmoat_code2025/voxceleb1_subset_100/id10003/E_6MjfYr0sQ/00044.wav,/mnt/data/old_home/strength/vmoat/vmoat_code25/vmoat_code2025/voxceleb1_subset_100/id10003/E_6MjfYr0sQ/00034.wav,1
/mnt/data/old_home/strength/vmoat/vmoat_code25/vmoat_code2025/voxceleb1_subset_100/id10004/lu_eVSfv3Tg/00014.wav,/mnt/data/old_home/strength/vmoat/vmoat_code25/vmoat_code2025/voxceleb1_subset_100/id10004/CWTpJe2RqOA/00002.wav,1
/mnt/data/old_home/strength/vmoat/vmoat_code25/vmoat_code2025/voxceleb1_subset_100/id10005/ZZR6EqjbzwI/00007.wav,/mnt/data/old_home/strength/vmoat/vmoat_code25/vmoat_code2025/voxceleb1_subset_100/id10005/6-crWEwaThs/00002.wav,1
/mnt/data/old_home/strength/vmoat/vmoat_code25/vmoat_code2025/voxceleb1_subset_100/id10006/3MwyuwaVE50/00010.wav,/mnt/data/old_home/strength/vmoat/vmoat_code25/vmoat_code2025/voxceleb1_subset_100/id10006/aaOv6y3Ii4o/00002.wav,1
/mnt/data/old_home/strength/vmoat/vmoat_code25/vmoat_code2025/voxceleb1_subset_100/id10007/IWAkF5uWjis/00001.wav,/mnt/data/old_home/strength/vmoat/vmoat_code25/vmoat_code2025/voxceleb1_subset_100/id10007/ny4iV7xwhRM/00001.wav,1
/mnt/data/old_home/strength/vmoat/vmoat_code25/vmoat_code2025/voxceleb1_subset_100/id10008/CXgomMquVt8/00005.wav,/mnt/data/old_home/strength/vmoat/vmoat_code25/vmoat_code2025/voxceleb1_subset_100/id10008/CXgomMquVt8/00003.wav,1
/mnt/data/old_home/strength/vmoat/vmoat_code25/vmoat_code2025/voxceleb1_subset_100/id10009/vy8sQ82o0fM/00001.wav,/mnt/data/old_home/strength/vmoat/vmoat_code25/vmoat_code2025/voxceleb1_subset_100/id10009/VM8gJWbQsEY/00002.wav,1
/mnt/data/old_home/strength/vmoat/vmoat_code25/vmoat_code2025/voxceleb1_subset_100/id10010/E454T_sS_AM/00001.wav,/mnt/data/old_home/strength/vmoat/vmoat_code25/vmoat_code2025/voxceleb1_subset_100/id10010/1O_m0G4rf9Q/00002.wav,1
/mnt/data/old_home/strength/vmoat/vmoat_code25/vmoat_code2025/voxceleb1_subset_100/id10011/QmFNWMU2hKU/00013.wav,/mnt/data/old_home/strength/vmoat/vmoat_code25/vmoat_code2025/voxceleb1_subset_100/id10011/01En9rUo_Co/00001.wav,1
/mnt/data/old_home/strength/vmoat/vmoat_code25/vmoat_code2025/voxceleb1_subset_100/id10012/UJFb8jDbWl0/00005.wav,/mnt/data/old_home/strength/vmoat/vmoat_code25/vmoat_code2025/voxceleb1_subset_100/id10012/AStt8Tx-HXU/00005.wav,1
/mnt/data/old_home/strength/vmoat/vmoat_code25/vmoat_code2025/voxceleb1_subset_100/id10013/D8N1aTvis1o/00005.wav,/mnt/data/old_home/strength/vmoat/vmoat_code25/vmoat_code2025/voxceleb1_subset_100/id10013/hGL2tRHivdw/00001.wav,1
/mnt/data/old_home/strength/vmoat/vmoat_code25/vmoat_code2025/voxceleb1_subset_100/id10014/b8reDPl-P0w/00002.wav,/mnt/data/old_home/strength/vmoat/vmoat_code25/vmoat_code2025/voxceleb1_subset_100/id10014/iZ6XrudZsSw/00009.wav,1
/mnt/data/old_home/strength/vmoat/vmoat_code25/vmoat_code2025/voxceleb1_subset_100/id10015/PIqPzGtHqNY/00002.wav,/mnt/data/old_home/strength/vmoat/vmoat_code25/vmoat_code2025/voxceleb1_subset_100/id10015/uoAEmu-GbjQ/00001.wav,1
/mnt/data/old_home/strength/vmoat/vmoat_code25/vmoat_code2025/voxceleb1_subset_100/id10016/dOnuu_9-nyI/00028.wav,/mnt/data/old_home/strength/vmoat/vmoat_code25/vmoat_code2025/voxceleb1_subset_100/id10016/j0CaA8LPTdc/00002.wav,1
/mnt/data/old_home/strength/vmoat/vmoat_code25/vmoat_code2025/voxceleb1_subset_100/id10017/6ya9UpdRCPs/00001.wav,/mnt/data/old_home/strength/vmoat/vmoat_code25/vmoat_code2025/voxceleb1_subset_100/id10017/7QOGR0zvTxY/00001.wav,1
/mnt/data/old_home/strength/vmoat/vmoat_code25/vmoat_code2025/voxceleb1_subset_100/id10018/9tu4uaM0YTc/00021.wav,/mnt/data/old_home/strength/vmoat/vmoat_code25/vmoat_code2025/voxceleb1_subset_100/id10018/aDIdItugOC0/00006.wav,1
/mnt/data/old_home/strength/vmoat/vmoat_code25/vmoat_code2025/voxceleb1_subset_100/id10019/cE3StI6Qw0w/00001.wav,/mnt/data/old_home/strength/vmoat/vmoat_code25/vmoat_code2025/voxceleb1_subset_100/id10019/2vSPFNQoKmk/00005.wav,1
/mnt/data/old_home/strength/vmoat/vmoat_code25/vmoat_code2025/voxceleb1_subset_100/id10020/70e-rrF1NnQ/00076.wav,/mnt/data/old_home/strength/vmoat/vmoat_code25/vmoat_code2025/voxceleb1_subset_100/id10020/iNwAECjAAAM/00018.wav,1
/mnt/data/old_home/strength/vmoat/vmoat_code25/vmoat_code2025/voxceleb1_subset_100/id10021/1pxQ3nFrSWg/00004.wav,/mnt/data/old_home/strength/vmoat/vmoat_code25/vmoat_code2025/voxceleb1_subset_100/id10021/WdI2ZHkbKbA/00001.wav,1
/mnt/data/old_home/strength/vmoat/vmoat_code25/vmoat_code2025/voxceleb1_subset_100/id10022/tfGrSRcrj84/00008.wav,/mnt/data/old_home/strength/vmoat/vmoat_code25/vmoat_code2025/voxceleb1_subset_100/id10022/ZXYlWu1JfKU/00017.wav,1
/mnt/data/old_home/strength/vmoat/vmoat_code25/vmoat_code2025/voxceleb1_subset_100/id10023/fqygKtuTA3Q/00002.wav,/mnt/data/old_home/strength/vmoat/vmoat_code25/vmoat_code2025/voxceleb1_subset_100/id10023/YE_qABuc-Cs/00007.wav,1
/mnt/data/old_home/strength/vmoat/vmoat_code25/vmoat_code2025/voxceleb1_subset_100/id10024/PdW6sXPmSFM/00020.wav,/mnt/data/old_home/strength/vmoat/vmoat_code25/vmoat_code2025/voxceleb1_subset_100/id10024/SbOqcO128PQ/00003.wav,1
/mnt/data/old_home/strength/vmoat/vmoat_code25/vmoat_code2025/voxceleb1_subset_100/id10025/gs8QSoQoltI/00002.wav,/mnt/data/old_home/strength/vmoat/vmoat_code25/vmoat_code2025/voxceleb1_subset_100/id10025/WD0qKG4tkkE/00007.wav,1
/mnt/data/old_home/strength/vmoat/vmoat_code25/vmoat_code2025/voxceleb1_subset_100/id10026/dQhROKhai8Y/00009.wav,/mnt/data/old_home/strength/vmoat/vmoat_code25/vmoat_code2025/voxceleb1_subset_100/id10026/WBjWoYv8WcI/00011.wav,1
/mnt/data/old_home/strength/vmoat/vmoat_code25/vmoat_code2025/voxceleb1_subset_100/id10027/g2m1E3C9wY4/00001.wav,/mnt/data/old_home/strength/vmoat/vmoat_code25/vmoat_code2025/voxceleb1_subset_100/id10027/ccbXWh4og34/00006.wav,1
/mnt/data/old_home/strength/vmoat/vmoat_code25/vmoat_code2025/voxceleb1_subset_100/id10028/yyoRVtIga_M/00001.wav,/mnt/data/old_home/strength/vmoat/vmoat_code25/vmoat_code2025/voxceleb1_subset_100/id10028/WsITVdCmGlA/00001.wav,1
/mnt/data/old_home/strength/vmoat/vmoat_code25/vmoat_code2025/voxceleb1_subset_100/id10029/6gC4DEnwYkY/00003.wav,/mnt/data/old_home/strength/vmoat/vmoat_code25/vmoat_code2025/voxceleb1_subset_100/id10029/ycz4HbK8diE/00003.wav,1
/mnt/data/old_home/strength/vmoat/vmoat_code25/vmoat_code2025/voxceleb1_subset_100/id10030/1YDEn65O4io/00007.wav,/mnt/data/old_home/strength/vmoat/vmoat_code25/vmoat_code2025/voxceleb1_subset_100/id10030/DSrDNGJrN5U/00006.wav,1
/mnt/data/old_home/strength/vmoat/vmoat_code25/vmoat_code2025/voxceleb1_subset_100/id10031/Frufp3jHjbE/00013.wav,/mnt/data/old_home/strength/vmoat/vmoat_code25/vmoat_code2025/voxceleb1_subset_100/id10031/Aagq0-3vEi4/00016.wav,1
/mnt/data/old_home/strength/vmoat/vmoat_code25/vmoat_code2025/voxceleb1_subset_100/id10032/kvUJyy2RDa4/00005.wav,/mnt/data/old_home/strength/vmoat/vmoat_code25/vmoat_code2025/voxceleb1_subset_100/id10032/QJJyogAg9gE/00003.wav,1
/mnt/data/old_home/strength/vmoat/vmoat_code25/vmoat_code2025/voxceleb1_subset_100/id10033/oiH_gnSfJPY/00006.wav,/mnt/data/old_home/strength/vmoat/vmoat_code25/vmoat_code2025/voxceleb1_subset_100/id10033/FGXThGae6kQ/00001.wav,1
/mnt/data/old_home/strength/vmoat/vmoat_code25/vmoat_code2025/voxceleb1_subset_100/id10034/l9qBbKgU2ho/00008.wav,/mnt/data/old_home/strength/vmoat/vmoat_code25/vmoat_code2025/voxceleb1_subset_100/id10034/ZLHjGWAWy20/00007.wav,1
/mnt/data/old_home/strength/vmoat/vmoat_code25/vmoat_code2025/voxceleb1_subset_100/id10035/BxAk4aS5uUM/00020.wav,/mnt/data/old_home/strength/vmoat/vmoat_code25/vmoat_code2025/voxceleb1_subset_100/id10035/FciGt0cNgNA/00006.wav,1
/mnt/data/old_home/strength/vmoat/vmoat_code25/vmoat_code2025/voxceleb1_subset_100/id10036/EAsTZq6lLHI/00001.wav,/mnt/data/old_home/strength/vmoat/vmoat_code25/vmoat_code2025/voxceleb1_subset_100/id10036/JD81EN98tI8/00004.wav,1
/mnt/data/old_home/strength/vmoat/vmoat_code25/vmoat_code2025/voxceleb1_subset_100/id10037/X-wtgXmhT1o/00005.wav,/mnt/data/old_home/strength/vmoat/vmoat_code25/vmoat_code2025/voxceleb1_subset_100/id10037/X-wtgXmhT1o/00004.wav,1
/mnt/data/old_home/strength/vmoat/vmoat_code25/vmoat_code2025/voxceleb1_subset_100/id10038/LM31XDZNX6M/00006.wav,/mnt/data/old_home/strength/vmoat/vmoat_code25/vmoat_code2025/voxceleb1_subset_100/id10038/s3ZWWI1GJZ8/00012.wav,1
/mnt/data/old_home/strength/vmoat/vmoat_code25/vmoat_code2025/voxceleb1_subset_100/id10039/yL1OFF9QXhU/00005.wav,/mnt/data/old_home/strength/vmoat/vmoat_code25/vmoat_code2025/voxceleb1_subset_100/id10039/yL1OFF9QXhU/00006.wav,1
/mnt/data/old_home/strength/vmoat/vmoat_code25/vmoat_code2025/voxceleb1_subset_100/id10040/Cu1Gugj18Vg/00004.wav,/mnt/data/old_home/strength/vmoat/vmoat_code25/vmoat_code2025/voxceleb1_subset_100/id10040/j3UYusVHkp4/00002.wav,1
/mnt/data/old_home/strength/vmoat/vmoat_code25/vmoat_code2025/voxceleb1_subset_100/id10041/5g4NwozVJpA/00013.wav,/mnt/data/old_home/strength/vmoat/vmoat_code25/vmoat_code2025/voxceleb1_subset_100/id10041/LvoztHyRXy8/00008.wav,1
/mnt/data/old_home/strength/vmoat/vmoat_code25/vmoat_code2025/voxceleb1_subset_100/id10042/beXfX1NV8SA/00001.wav,/mnt/data/old_home/strength/vmoat/vmoat_code25/vmoat_code2025/voxceleb1_subset_100/id10042/xOylntZnhlA/00005.wav,1
/mnt/data/old_home/strength/vmoat/vmoat_code25/vmoat_code2025/voxceleb1_subset_100/id10043/lqPc-bhMaCs/00009.wav,/mnt/data/old_home/strength/vmoat/vmoat_code25/vmoat_code2025/voxceleb1_subset_100/id10043/8ejoUYpLoUo/00001.wav,1
/mnt/data/old_home/strength/vmoat/vmoat_code25/vmoat_code2025/voxceleb1_subset_100/id10044/VbvQ_Iy8Wwk/00013.wav,/mnt/data/old_home/strength/vmoat/vmoat_code25/vmoat_code2025/voxceleb1_subset_100/id10044/tEiC2TFawPM/00004.wav,1
/mnt/data/old_home/strength/vmoat/vmoat_code25/vmoat_code2025/voxceleb1_subset_100/id10045/c6Od_AIDt0Y/00010.wav,/mnt/data/old_home/strength/vmoat/vmoat_code25/vmoat_code2025/voxceleb1_subset_100/id10045/bwpDvDAnWn0/00043.wav,1
/mnt/data/old_home/strength/vmoat/vmoat_code25/vmoat_code2025/voxceleb1_subset_100/id10046/sBae-iHV-ps/00002.wav,/mnt/data/old_home/strength/vmoat/vmoat_code25/vmoat_code2025/voxceleb1_subset_100/id10046/DxE5Lu4cSMY/00004.wav,1
/mnt/data/old_home/strength/vmoat/vmoat_code25/vmoat_code2025/voxceleb1_subset_100/id10047/9T6zJ8nmjHI/00013.wav,/mnt/data/old_home/strength/vmoat/vmoat_code25/vmoat_code2025/voxceleb1_subset_100/id10047/4VibmNNLi1c/00001.wav,1
/mnt/data/old_home/strength/vmoat/vmoat_code25/vmoat_code2025/voxceleb1_subset_100/id10048/eexpMKuIR1I/00001.wav,/mnt/data/old_home/strength/vmoat/vmoat_code25/vmoat_code2025/voxceleb1_subset_100/id10048/CvGFrHmVDeA/00030.wav,1
/mnt/data/old_home/strength/vmoat/vmoat_code25/vmoat_code2025/voxceleb1_subset_100/id10049/p5AJtU5gclc/00001.wav,/mnt/data/old_home/strength/vmoat/vmoat_code25/vmoat_code2025/voxceleb1_subset_100/id10049/L-Z9OI-WwoY/00005.wav,1
/mnt/data/old_home/strength/vmoat/vmoat_code25/vmoat_code2025/voxceleb1_subset_100/id10050/O06Emd2vKhw/00002.wav,/mnt/data/old_home/strength/vmoat/vmoat_code25/vmoat_code2025/voxceleb1_subset_100/id10050/tiRBopKus6w/00001.wav,1
/mnt/data/old_home/strength/vmoat/vmoat_code25/vmoat_code2025/voxceleb1_subset_100/id10087/_2wZVvsQYFg/00004.wav,/mnt/data/old_home/strength/vmoat/vmoat_code25/vmoat_code2025/voxceleb1_subset_100/id10096/cII4Z0sCl9Y/00041.wav,0
/mnt/data/old_home/strength/vmoat/vmoat_code25/vmoat_code2025/voxceleb1_subset_100/id10092/A9Y9c1GI6co/00016.wav,/mnt/data/old_home/strength/vmoat/vmoat_code25/vmoat_code2025/voxceleb1_subset_100/id10082/KmRiUohGQ0A/00036.wav,0
/mnt/data/old_home/strength/vmoat/vmoat_code25/vmoat_code2025/voxceleb1_subset_100/id10060/XItoro6xkB8/00002.wav,/mnt/data/old_home/strength/vmoat/vmoat_code25/vmoat_code2025/voxceleb1_subset_100/id10067/LWet2zhWjBg/00001.wav,0
/mnt/data/old_home/strength/vmoat/vmoat_code25/vmoat_code2025/voxceleb1_subset_100/id10098/5wXAGY1COow/00008.wav,/mnt/data/old_home/strength/vmoat/vmoat_code25/vmoat_code2025/voxceleb1_subset_100/id10086/Hd3T8LwTYMk/00005.wav,0
/mnt/data/old_home/strength/vmoat/vmoat_code25/vmoat_code2025/voxceleb1_subset_100/id10098/1BeZJUe-K3A/00002.wav,/mnt/data/old_home/strength/vmoat/vmoat_code25/vmoat_code2025/voxceleb1_subset_100/id10088/g7uHCPsLHOE/00002.wav,0
/mnt/data/old_home/strength/vmoat/vmoat_code25/vmoat_code2025/voxceleb1_subset_100/id10076/doC3ZkRJxGo/00001.wav,/mnt/data/old_home/strength/vmoat/vmoat_code25/vmoat_code2025/voxceleb1_subset_100/id10074/jq_OYw1X3CE/00004.wav,0
/mnt/data/old_home/strength/vmoat/vmoat_code25/vmoat_code2025/voxceleb1_subset_100/id10083/ntgkeQhp-0c/00100.wav,/mnt/data/old_home/strength/vmoat/vmoat_code25/vmoat_code2025/voxceleb1_subset_100/id10082/FWkA8o6AwB0/00001.wav,0
/mnt/data/old_home/strength/vmoat/vmoat_code25/vmoat_code2025/voxceleb1_subset_100/id10058/EEcEWXEXJWY/00017.wav,/mnt/data/old_home/strength/vmoat/vmoat_code25/vmoat_code2025/voxceleb1_subset_100/id10060/XItoro6xkB8/00005.wav,0
/mnt/data/old_home/strength/vmoat/vmoat_code25/vmoat_code2025/voxceleb1_subset_100/id10094/l6k-pbyr11w/00009.wav,/mnt/data/old_home/strength/vmoat/vmoat_code25/vmoat_code2025/voxceleb1_subset_100/id10078/EOZW9v37FEI/00001.wav,0
/mnt/data/old_home/strength/vmoat/vmoat_code25/vmoat_code2025/voxceleb1_subset_100/id10075/RFw8FuLfh7c/00004.wav,/mnt/data/old_home/strength/vmoat/vmoat_code25/vmoat_code2025/voxceleb1_subset_100/id10089/8Mig2MYKHQc/00001.wav,0
/mnt/data/old_home/strength/vmoat/vmoat_code25/vmoat_code2025/voxceleb1_subset_100/id10067/J1v0goh_M9c/00001.wav,/mnt/data/old_home/strength/vmoat/vmoat_code25/vmoat_code2025/voxceleb1_subset_100/id10086/APmmcQzt2L4/00002.wav,0
/mnt/data/old_home/strength/vmoat/vmoat_code25/vmoat_code2025/voxceleb1_subset_100/id10094/koAtdlykfps/00004.wav,/mnt/data/old_home/strength/vmoat/vmoat_code25/vmoat_code2025/voxceleb1_subset_100/id10097/S9WYrmUZBS0/00001.wav,0
/mnt/data/old_home/strength/vmoat/vmoat_code25/vmoat_code2025/voxceleb1_subset_100/id10085/2Cv7-z2QZPI/00006.wav,/mnt/data/old_home/strength/vmoat/vmoat_code25/vmoat_code2025/voxceleb1_subset_100/id10099/ndJZpFvW8kY/00004.wav,0
/mnt/data/old_home/strength/vmoat/vmoat_code25/vmoat_code2025/voxceleb1_subset_100/id10092/22Lt2SMT6u4/00019.wav,/mnt/data/old_home/strength/vmoat/vmoat_code25/vmoat_code2025/voxceleb1_subset_100/id10072/NhyPyn3qq-k/00005.wav,0
/mnt/data/old_home/strength/vmoat/vmoat_code25/vmoat_code2025/voxceleb1_subset_100/id10078/dIf6m0EE2lI/00007.wav,/mnt/data/old_home/strength/vmoat/vmoat_code25/vmoat_code2025/voxceleb1_subset_100/id10061/9aqJt_vOFEI/00001.wav,0
/mnt/data/old_home/strength/vmoat/vmoat_code25/vmoat_code2025/voxceleb1_subset_100/id10097/fmcGvzR2Ur0/00005.wav,/mnt/data/old_home/strength/vmoat/vmoat_code25/vmoat_code2025/voxceleb1_subset_100/id10067/eboWGTvdn6M/00016.wav,0
/mnt/data/old_home/strength/vmoat/vmoat_code25/vmoat_code2025/voxceleb1_subset_100/id10062/EJCAgjbGKJQ/00004.wav,/mnt/data/old_home/strength/vmoat/vmoat_code25/vmoat_code2025/voxceleb1_subset_100/id10083/f6jUTQOPnNw/00013.wav,0
/mnt/data/old_home/strength/vmoat/vmoat_code25/vmoat_code2025/voxceleb1_subset_100/id10091/HpURoFmepTU/00001.wav,/mnt/data/old_home/strength/vmoat/vmoat_code25/vmoat_code2025/voxceleb1_subset_100/id10070/nACRpAKPv6I/00002.wav,0
/mnt/data/old_home/strength/vmoat/vmoat_code25/vmoat_code2025/voxceleb1_subset_100/id10089/LWmZ3cAAlYs/00004.wav,/mnt/data/old_home/strength/vmoat/vmoat_code25/vmoat_code2025/voxceleb1_subset_100/id10063/KAR9QkES6wQ/00005.wav,0
/mnt/data/old_home/strength/vmoat/vmoat_code25/vmoat_code2025/voxceleb1_subset_100/id10099/TOZQfxI2-ZI/00005.wav,/mnt/data/old_home/strength/vmoat/vmoat_code25/vmoat_code2025/voxceleb1_subset_100/id10061/9aqJt_vOFEI/00002.wav,0
/mnt/data/old_home/strength/vmoat/vmoat_code25/vmoat_code2025/voxceleb1_subset_100/id10089/o5z9IeCtDzo/00001.wav,/mnt/data/old_home/strength/vmoat/vmoat_code25/vmoat_code2025/voxceleb1_subset_100/id10071/hDpxitMvTHQ/00007.wav,0
/mnt/data/old_home/strength/vmoat/vmoat_code25/vmoat_code2025/voxceleb1_subset_100/id10058/MV4B_V28-j8/00005.wav,/mnt/data/old_home/strength/vmoat/vmoat_code25/vmoat_code2025/voxceleb1_subset_100/id10074/zTpHJivc9V4/00001.wav,0
/mnt/data/old_home/strength/vmoat/vmoat_code25/vmoat_code2025/voxceleb1_subset_100/id10070/TmIuUqaHFqI/00002.wav,/mnt/data/old_home/strength/vmoat/vmoat_code25/vmoat_code2025/voxceleb1_subset_100/id10066/xQO6ifOsR1I/00003.wav,0
/mnt/data/old_home/strength/vmoat/vmoat_code25/vmoat_code2025/voxceleb1_subset_100/id10087/kYdalCxoQrU/00005.wav,/mnt/data/old_home/strength/vmoat/vmoat_code25/vmoat_code2025/voxceleb1_subset_100/id10056/HrXyBT3ktys/00003.wav,0
/mnt/data/old_home/strength/vmoat/vmoat_code25/vmoat_code2025/voxceleb1_subset_100/id10082/D-run9P_vYU/00005.wav,/mnt/data/old_home/strength/vmoat/vmoat_code25/vmoat_code2025/voxceleb1_subset_100/id10055/ChIiXQuf9Sc/00006.wav,0
/mnt/data/old_home/strength/vmoat/vmoat_code25/vmoat_code2025/voxceleb1_subset_100/id10059/229vKIGbxrI/00016.wav,/mnt/data/old_home/strength/vmoat/vmoat_code25/vmoat_code2025/voxceleb1_subset_100/id10093/4_S1nmvWLA8/00005.wav,0
/mnt/data/old_home/strength/vmoat/vmoat_code25/vmoat_code2025/voxceleb1_subset_100/id10061/ZHngnr_39ss/00016.wav,/mnt/data/old_home/strength/vmoat/vmoat_code25/vmoat_code2025/voxceleb1_subset_100/id10067/LWet2zhWjBg/00032.wav,0
/mnt/data/old_home/strength/vmoat/vmoat_code25/vmoat_code2025/voxceleb1_subset_100/id10085/PYwusDfwXC4/00004.wav,/mnt/data/old_home/strength/vmoat/vmoat_code25/vmoat_code2025/voxceleb1_subset_100/id10099/3XSc73L3jPM/00002.wav,0
/mnt/data/old_home/strength/vmoat/vmoat_code25/vmoat_code2025/voxceleb1_subset_100/id10063/SAKNf4Ihqtc/00003.wav,/mnt/data/old_home/strength/vmoat/vmoat_code25/vmoat_code2025/voxceleb1_subset_100/id10096/5Ciy1E1gYRc/00096.wav,0
/mnt/data/old_home/strength/vmoat/vmoat_code25/vmoat_code2025/voxceleb1_subset_100/id10093/2feLhU4ahx0/00002.wav,/mnt/data/old_home/strength/vmoat/vmoat_code25/vmoat_code2025/voxceleb1_subset_100/id10092/gXwe664Vrks/00001.wav,0
/mnt/data/old_home/strength/vmoat/vmoat_code25/vmoat_code2025/voxceleb1_subset_100/id10084/0Oj7sdw3Hjo/00002.wav,/mnt/data/old_home/strength/vmoat/vmoat_code25/vmoat_code2025/voxceleb1_subset_100/id10079/ZkgFwN0UyDY/00003.wav,0
/mnt/data/old_home/strength/vmoat/vmoat_code25/vmoat_code2025/voxceleb1_subset_100/id10065/KNszBzdnX1E/00014.wav,/mnt/data/old_home/strength/vmoat/vmoat_code25/vmoat_code2025/voxceleb1_subset_100/id10055/FSbob63fsV4/00002.wav,0
/mnt/data/old_home/strength/vmoat/vmoat_code25/vmoat_code2025/voxceleb1_subset_100/id10088/zqtRF50lhsQ/00002.wav,/mnt/data/old_home/strength/vmoat/vmoat_code25/vmoat_code2025/voxceleb1_subset_100/id10086/tqlzrcVQBJc/00002.wav,0
/mnt/data/old_home/strength/vmoat/vmoat_code25/vmoat_code2025/voxceleb1_subset_100/id10065/K85cPzgrw-Q/00001.wav,/mnt/data/old_home/strength/vmoat/vmoat_code25/vmoat_code2025/voxceleb1_subset_100/id10051/RNvpP3RtZPM/00008.wav,0
/mnt/data/old_home/strength/vmoat/vmoat_code25/vmoat_code2025/voxceleb1_subset_100/id10091/YC4C2oMdIpI/00001.wav,/mnt/data/old_home/strength/vmoat/vmoat_code25/vmoat_code2025/voxceleb1_subset_100/id10054/vIB-ZChYy3w/00007.wav,0
/mnt/data/old_home/strength/vmoat/vmoat_code25/vmoat_code2025/voxceleb1_subset_100/id10053/Xci9p9Fk6A4/00003.wav,/mnt/data/old_home/strength/vmoat/vmoat_code25/vmoat_code2025/voxceleb1_subset_100/id10072/M5lYNe7y2QY/00033.wav,0
/mnt/data/old_home/strength/vmoat/vmoat_code25/vmoat_code2025/voxceleb1_subset_100/id10066/hbTfy9WEMs4/00001.wav,/mnt/data/old_home/strength/vmoat/vmoat_code25/vmoat_code2025/voxceleb1_subset_100/id10068/vqs1ZvoJ4XY/00015.wav,0
/mnt/data/old_home/strength/vmoat/vmoat_code25/vmoat_code2025/voxceleb1_subset_100/id10064/RHOCAJZQp10/00006.wav,/mnt/data/old_home/strength/vmoat/vmoat_code25/vmoat_code2025/voxceleb1_subset_100/id10085/PYwusDfwXC4/00004.wav,0
/mnt/data/old_home/strength/vmoat/vmoat_code25/vmoat_code2025/voxceleb1_subset_100/id10087/_2wZVvsQYFg/00006.wav,/mnt/data/old_home/strength/vmoat/vmoat_code25/vmoat_code2025/voxceleb1_subset_100/id10081/1M4q6CQM5pA/00010.wav,0
/mnt/data/old_home/strength/vmoat/vmoat_code25/vmoat_code2025/voxceleb1_subset_100/id10077/CRv8USDBEnI/00001.wav,/mnt/data/old_home/strength/vmoat/vmoat_code25/vmoat_code2025/voxceleb1_subset_100/id10063/x_1zmwdXU7M/00004.wav,0
/mnt/data/old_home/strength/vmoat/vmoat_code25/vmoat_code2025/voxceleb1_subset_100/id10093/sD1_7wXVyno/00003.wav,/mnt/data/old_home/strength/vmoat/vmoat_code25/vmoat_code2025/voxceleb1_subset_100/id10078/g5j9VN3SMTc/00008.wav,0
/mnt/data/old_home/strength/vmoat/vmoat_code25/vmoat_code2025/voxceleb1_subset_100/id10077/N0kRo-X6gNM/00003.wav,/mnt/data/old_home/strength/vmoat/vmoat_code25/vmoat_code2025/voxceleb1_subset_100/id10080/Lri_u9ukuEw/00015.wav,0
/mnt/data/old_home/strength/vmoat/vmoat_code25/vmoat_code2025/voxceleb1_subset_100/id10094/l6k-pbyr11w/00007.wav,/mnt/data/old_home/strength/vmoat/vmoat_code25/vmoat_code2025/voxceleb1_subset_100/id10092/G2hhy20mZ2M/00003.wav,0
/mnt/data/old_home/strength/vmoat/vmoat_code25/vmoat_code2025/voxceleb1_subset_100/id10054/TvenrEaieP4/00003.wav,/mnt/data/old_home/strength/vmoat/vmoat_code25/vmoat_code2025/voxceleb1_subset_100/id10076/J5RUcHPC3RE/00001.wav,0
/mnt/data/old_home/strength/vmoat/vmoat_code25/vmoat_code2025/voxceleb1_subset_100/id10057/ncUmMIRWFts/00004.wav,/mnt/data/old_home/strength/vmoat/vmoat_code25/vmoat_code2025/voxceleb1_subset_100/id10066/1Kr6tGO56H8/00002.wav,0
/mnt/data/old_home/strength/vmoat/vmoat_code25/vmoat_code2025/voxceleb1_subset_100/id10085/ga8G4U4bxC0/00002.wav,/mnt/data/old_home/strength/vmoat/vmoat_code25/vmoat_code2025/voxceleb1_subset_100/id10079/J9WK4j7mZCA/00002.wav,0
/mnt/data/old_home/strength/vmoat/vmoat_code25/vmoat_code2025/voxceleb1_subset_100/id10062/h6kbgdT6H0c/00005.wav,/mnt/data/old_home/strength/vmoat/vmoat_code25/vmoat_code2025/voxceleb1_subset_100/id10068/ZeAwsSSfTLY/00003.wav,0
/mnt/data/old_home/strength/vmoat/vmoat_code25/vmoat_code2025/voxceleb1_subset_100/id10055/P93S-rGssY4/00003.wav,/mnt/data/old_home/strength/vmoat/vmoat_code25/vmoat_code2025/voxceleb1_subset_100/id10079/pek5fiJnCMk/00017.wav,0
/mnt/data/old_home/strength/vmoat/vmoat_code25/vmoat_code2025/voxceleb1_subset_100/id10054/uOZjTWh4vTQ/00001.wav,/mnt/data/old_home/strength/vmoat/vmoat_code25/vmoat_code2025/voxceleb1_subset_100/id10092/G2hhy20mZ2M/00001.wav,0
/mnt/data/old_home/strength/vmoat/vmoat_code25/vmoat_code2025/voxceleb1_subset_100/id10099/_vpxEpPikfk/00003.wav,/mnt/data/old_home/strength/vmoat/vmoat_code25/vmoat_code2025/voxceleb1_subset_100/id10066/3LsFdM9Xipg/00005.wav,0
